{"cameraMode":{"drawMode":0,"name":"Shaded","section":"Shading Mode"},"sceneLighting":true,"audioPlay":false,"sceneViewState":{"m_AlwaysRefresh":false,"showFog":true,"showSkybox":true,"showFlares":true,"showImageEffects":true,"showParticleSystems":true,"showVisualEffectGraphs":true,"m_FxEnabled":true},"in2DMode":false,"pivot":{"x":37.869232177734378,"y":348.95782470703127,"z":26.90399932861328},"rotation":{"x":-0.24105772376060487,"y":-0.6457986235618591,"z":0.22619089484214784,"w":-0.6882426738739014},"size":106.21640014648438,"orthographic":false}