{"cameraMode":{"drawMode":0,"name":"Shaded","section":"Shading Mode"},"sceneLighting":true,"audioPlay":false,"sceneViewState":{"m_AlwaysRefresh":false,"showFog":true,"showSkybox":true,"showFlares":true,"showImageEffects":true,"showParticleSystems":true,"showVisualEffectGraphs":true,"m_FxEnabled":true},"in2DMode":false,"pivot":{"x":-67.58346557617188,"y":417.44854736328127,"z":-7.376276016235352},"rotation":{"x":0.13841433823108674,"y":0.32394134998321535,"z":-0.047940921038389209,"w":0.9347573518753052},"size":12.876023292541504,"orthographic":false}