{"cameraMode":{"drawMode":0,"name":"Shaded","section":"Shading Mode"},"sceneLighting":true,"audioPlay":false,"sceneViewState":{"m_AlwaysRefresh":false,"showFog":true,"showSkybox":true,"showFlares":true,"showImageEffects":true,"showParticleSystems":true,"showVisualEffectGraphs":true,"m_FxEnabled":true},"in2DMode":false,"pivot":{"x":-346.3514404296875,"y":-141.72119140625,"z":-322.2988586425781},"rotation":{"x":0.0014777451287955046,"y":-0.15951526165008546,"z":-0.00025038685998879373,"w":-0.9872376918792725},"size":2319.064208984375,"orthographic":true}