{"cameraMode":{"drawMode":0,"name":"Shaded","section":"Shading Mode"},"sceneLighting":false,"audioPlay":false,"sceneViewState":{"m_AlwaysRefresh":false,"showFog":true,"showSkybox":false,"showFlares":true,"showImageEffects":true,"showParticleSystems":true,"showVisualEffectGraphs":true,"m_FxEnabled":true},"in2DMode":false,"pivot":{"x":114.89546203613281,"y":61.47925567626953,"z":109.06890106201172},"rotation":{"x":0.060153767466545108,"y":-0.8196816444396973,"z":0.08764687180519104,"w":0.5629439353942871},"size":90.98304748535156,"orthographic":true}