{"cameraMode":{"drawMode":0,"name":"Shaded","section":"Shading Mode"},"sceneLighting":false,"audioPlay":false,"sceneViewState":{"m_AlwaysRefresh":false,"showFog":true,"showSkybox":false,"showFlares":true,"showImageEffects":true,"showParticleSystems":true,"showVisualEffectGraphs":true,"m_FxEnabled":true},"in2DMode":false,"pivot":{"x":-1.9020981788635255,"y":0.48911863565444949,"z":1.571873664855957},"rotation":{"x":0.015062321908771992,"y":-0.976791262626648,"z":0.07340370118618012,"w":0.20085352659225465},"size":1.9483082294464112,"orthographic":true}