{"cameraMode":{"drawMode":0,"name":"Shaded","section":"Shading Mode"},"sceneLighting":false,"audioPlay":false,"sceneViewState":{"m_AlwaysRefresh":false,"showFog":true,"showSkybox":false,"showFlares":true,"showImageEffects":true,"showParticleSystems":true,"showVisualEffectGraphs":true,"m_FxEnabled":true},"in2DMode":false,"pivot":{"x":-0.47274428606033327,"y":1.195446491241455,"z":-2.7405600547790529},"rotation":{"x":0.29733899235725405,"y":-0.08007355034351349,"z":0.025058753788471223,"w":0.9511058926582336},"size":2.5901050567626955,"orthographic":false}