{"cameraMode":{"drawMode":0,"name":"Shaded","section":"Shading Mode"},"sceneLighting":false,"audioPlay":false,"sceneViewState":{"m_AlwaysRefresh":false,"showFog":true,"showSkybox":false,"showFlares":true,"showImageEffects":true,"showParticleSystems":true,"showVisualEffectGraphs":true,"m_FxEnabled":true},"in2DMode":false,"pivot":{"x":12.393967628479004,"y":16.25883674621582,"z":1.4084135293960572},"rotation":{"x":0.6920450925827026,"y":-0.00974554568529129,"z":0.009342056699097157,"w":0.7217384576797485},"size":11.092480659484864,"orthographic":false}