{"cameraMode":{"drawMode":0,"name":"Shaded","section":"Shading Mode"},"sceneLighting":false,"audioPlay":false,"sceneViewState":{"m_AlwaysRefresh":false,"showFog":true,"showSkybox":false,"showFlares":true,"showImageEffects":true,"showParticleSystems":true,"showVisualEffectGraphs":true,"m_FxEnabled":true},"in2DMode":false,"pivot":{"x":-0.0010638236999511719,"y":-62.04014587402344,"z":3.9816722869873049},"rotation":{"x":-0.2785325348377228,"y":-0.016712959855794908,"z":0.004847775679081678,"w":-0.9602698087692261},"size":18.06371307373047,"orthographic":false}