{"cameraMode":{"drawMode":0,"name":"Shaded","section":"Shading Mode"},"sceneLighting":false,"audioPlay":false,"sceneViewState":{"m_AlwaysRefresh":false,"showFog":true,"showSkybox":false,"showFlares":true,"showImageEffects":true,"showParticleSystems":true,"showVisualEffectGraphs":true,"m_FxEnabled":true},"in2DMode":false,"pivot":{"x":0.00231991708278656,"y":-0.0035294555127620699,"z":-0.0007671266794204712},"rotation":{"x":0.011551971547305584,"y":0.9193423986434937,"z":-0.3924955725669861,"w":0.02734515815973282},"size":0.09604942053556442,"orthographic":true}