{"cameraMode":{"drawMode":0,"name":"Shaded","section":"Shading Mode"},"sceneLighting":true,"audioPlay":false,"sceneViewState":{"m_AlwaysRefresh":false,"showFog":true,"showSkybox":true,"showFlares":true,"showImageEffects":true,"showParticleSystems":true,"showVisualEffectGraphs":true,"m_FxEnabled":true},"in2DMode":false,"pivot":{"x":-2.1684749126434328,"y":889.2447509765625,"z":-15.457389831542969},"rotation":{"x":0.7200231552124023,"y":-0.012488078325986863,"z":0.01296171173453331,"w":0.6937217116355896},"size":212.73809814453126,"orthographic":false}