{"cameraMode":{"drawMode":0,"name":"Shaded","section":"Shading Mode"},"sceneLighting":true,"audioPlay":false,"sceneViewState":{"m_AlwaysRefresh":false,"showFog":true,"showSkybox":true,"showFlares":true,"showImageEffects":true,"showParticleSystems":true,"showVisualEffectGraphs":true,"m_FxEnabled":true},"in2DMode":false,"pivot":{"x":463.47381591796877,"y":413.70880126953127,"z":1772.9412841796875},"rotation":{"x":-0.004595633130520582,"y":0.9299466609954834,"z":-0.3676644563674927,"w":-0.011422596871852875},"size":158.1206512451172,"orthographic":true}